CALL addGender('M', 'Male', 'en');
CALL addGender('F', 'Female', 'en'); 
CALL addGender('C', 'Common', 'en');
CALL updateGender('F', 'את/היא', 'he');
CALL updateGender('M', 'אתה/הוא', 'he');
CALL updateGender('C', 'אתם/הם', 'he');

INSERT INTO lang(langCode, langName, langDir) VALUES
    ('he', 'עברית', 'rtl'), 
    ('en', 'English', 'ltr'), 
    ('ru', 'Русский', 'ltr'),
    ('ar', 'العربية', 'rtl') ;
    
 {"langcode": "am", "langname": "አማርኛ", "langdir": "ltr"  }

INSERT INTO textbylang ( langCode, textid, htmltext) VALUES
('he', 1, 'בעיות תנועה'),
('he', 2, 'בעיות תנועה'),
('he', 3, 'סדרות'),
('he', 4, 'הסתברות'),
('he', 5, 'טריגונומטריה'),
('he', 6, 'גיאומטריה'),
('he', 7, 'חשבון דיפרנציאלי ואינטגרלי'),
('he', 8, 'הנדסה אנליטית'),
('he', 9, 'וקטורים'),
('he', 10, 'מספרים מרוכבים'),
('he', 11, 'פונקציות מעריכיות'),
('he', 12, 'אור'),
('he', 13, 'עדשות כדוריות דקות'),
('he', 14, 'העין וליקויי ראייה'),
('he', 15, 'קינמטיקה'),
('he', 16, 'וקטורים'),
('he', 17, 'כוחות ומצבי התמדה'),
('he', 18, 'החוק השני של ניוטון'),
('he', 19, 'קרינה וחומר'),
('he', 20, 'מכניקה'),
('he', 21, 'חשמל'),
('he', 22, 'מבנה האטום'),
('he', 23, 'הטבלה המחזורית'),
('he', 24, 'מבנה וקישור'),
('he', 25, 'סטוכיומטריה'),
('he', 26, 'חמצון-חיזור'),
('he', 27, 'חומצות ובסיסים'),
('he', 28, 'אנרגיה'),
('he', 29, 'חומצות שומן'),
('he', 30, 'שיווי משקל'),
('he', 31, 'תרמודינמיקה'),
('he', 32, 'תנאים'),
('he', 33, 'לולאות'),
('he', 34, 'מחרוזות'),
('he', 35, 'מערכים'),
('he', 36, 'עצמים ומחלקות'),
('he', 37, 'רקורסיה'),
('he', 38, 'סיבוכיות'),
('he', 39, 'מבני נתונים'),
('he', 40, 'מודלים חישוביים'),
('he', 41, 'תכנות מונחה עצמים'),
  ('he', 42, 'התא ומאפייניו'),
  ('he', 43, 'מחזור התא'),
  ('he', 44, 'החומר התורשתי'),
  ('he', 45, 'תורשה'),
  ('he', 46, 'מוטציות'),
  ('he', 47, 'מערכות בגוף'),
  ('he', 49, 'הכבד'),
  ('he', 50, 'אקולוגיה'),
  ('he', 51, 'השפעת האדם על הסביבה'),
  ('he', 52, 'חיידקים ונגיפים'),
 ('he', 53, 'בריאת העולם'),
 ('he', 54, 'סיפורי אברהם ויצחק'),
 ('he', 55, 'סיפורי יעקב'),
 ('he', 56, 'סיפורי יוסף'),
 ('he', 57, 'שמות'),
 ('he', 58, 'חוק וחברה'),
 ('he', 59, 'שיבת ציון'),
 ('he', 60, 'נביא ונבואה'),
 ('he', 61, 'מזמורי תהילים'),
 ('he', 62, 'ספרות החוכמה'),
('he', 63, 'בעל זבוב / גולדינג'),
('he', 64, 'הרופא וגרושתו / עגנון'),
('he', 65, 'האדונית והרוכל / עגנון'),
('he', 66, 'צלליות / גוטפרוינד'),
('he', 67, 'סיפורים מתורגמים'),
('he', 68, 'שירת ימי הביניים'),
('he', 69, 'שירת ביאליק'),
('he', 70, 'שירת רחל המשוררת'),
('he', 71, 'שירת המאה העשרים'),
('he', 72, 'אנטיגונה / סופוקלס'),
('he', 73, 'הלאומיות'),
('he', 74, 'תנועה לאומית מדגימה'),
('he', 75, 'הציונות'),
('he', 76, 'השואה 1933-1939'),
('he', 77, 'השואה 1939-1945'),
('he', 78, 'המאבק על הקמת המדינה'),
('he', 79, 'העברת שאלת ארץ ישראל לאום'),
('he', 80, 'מלחמת העצמאות'),
('he', 81, 'מלחמת יום כיפור'),
('he', 82, 'מלחמת ששת הימים'),
('he', 83, 'הכרזת העצמאות'),
('he', 84, 'דמוקרטיה'),
('he', 85, 'גבולות בדמוקרטיה'),
('he', 86, 'זכויות'),
('he', 87, 'מדינת ישראל כמדינה יהודית'),
('he', 88, 'אשכול מעורבות אזרחית ופיקוח על רשויות השלטון'),
('he', 89, 'אשכול רשויות מקומיות'),
('he', 90, 'אשכול שיטת בחירות ומפלגות'),
('he', 91, 'אשכול תקשורת ופוליטיקה בישראל'),
('he', 92, 'אשכול העולם היהודי'),
('he', 93, 'הבנת הנקרא'),
('he', 94, 'כתיבה ממזגת'),
('he', 95, 'שם המספר'),
('he', 96, 'מילות יחס'),
('he', 97, 'אותיות השימוש'),
('he', 98, 'מערכת הצורות'),
('he', 99, 'תחביר'),
('he', 100, 'מתמטיקה'),
('he', 102, 'פיזיקה'),
('he', 103, 'כימיה'),
('he', 104, 'מדעי המחשב'),
('he', 105, 'ביולוגיה'),
('he', 106, 'תנך'),
('he', 107, 'ספרות'),
('he', 108, 'היסטוריה'),
('he', 109, 'אזרחות'),
('he', 110, 'עברית');


INSERT INTO courses (courseId,  textid) VALUES
(1, 100),
(2, 102),
(3, 103),
(4, 104),
(5, 105),
(6, 106),
(7, 107),
(8, 108),
(9, 109),
(10, 110);


INSERT INTO courseTopics (courseId, topicId, textid) VALUES
(1,1,1),(1,2,2),(1,3,3),(1,4,4),(1,5,5),(1,6,6),(1,7,7),(1,8,8),(1,9,9),
(1,10,10),(1,11,11),
(2,12,12),(2,13,13),(2,14,14),(2,15,15),(2,16,16),(2,17,17),(2,18,18),(2,19,19),(2,20,20),(2,21,21),
(3,22,22),(3,23,23),(3,24,24),(3,25,25),(3,26,26),(3,27,27),(3,28,28),(3,29,29),(3,30,30),(3,31,31),
(4,32,32),(4,33,33),(4,34,34),(4,35,35),(4,36,36),(4,37,37),(4,38,38),(4,39,39),(4,40,40),(4,41,41),
(5,42,42),(5,43,43),(5,44,44),(5,45,45),(5,46,46),(5,47,47),(5,48,48),(5,49,49),(5,50,50),(5,51,51),(5,52,52),
(6,53,53),(6,54,54),(6,55,55),(6,56,56),(6,57,57),(6,58,58),(6,59,59),(6,60,60),(6,61,61),(6,62,62),
(7,63,63),(7,64,64),(7,65,65),(7,66,66),(7,67,67),(7,68,68),(7,69,69),(7,70,70),(7,71,71),(7,72,72),
(8,73,73),(8,74,74),(8,75,75),(8,76,76),(8,77,77),(8,78,78),(8,79,79),(8,80,80),(8,81,81),(8,82,82),
(9,83,83),(9,84,84),(9,85,85),(9,86,86),(9,87,87),(9,88,88),(9,89,89),(9,90,90),(9,91,91),
(9,92,92),(10,93,93),(10,94,94),(10,95,95),(10,96,96),(10,97,97),(10,98,98),(10,99,99)
